id,userid,segment,label,dropout_week
1,1,S3,İstikrarsız,
2,2,S2,Orta Başarılı,
3,3,S4,Terke Meyilli,
4,4,S3,İstikrarsız,
5,5,S1,Başarılı,
6,6,S4,Terke Meyilli,5.0
7,7,S3,İstikrarsız,
8,8,S3,İstikrarsız,13.0
9,9,S1,Başarılı,
10,10,S2,Orta Başarılı,
11,11,S2,Orta Başarılı,
12,12,S4,Terke Meyilli,7.0
13,13,S3,İstikrarsız,9.0
14,14,S3,İstikrarsız,
15,15,S2,Orta Başarılı,
16,16,S1,Başarılı,
17,17,S2,Orta Başarılı,
18,18,S1,Başarılı,
19,19,S3,İstikrarsız,9.0
20,20,S3,İstikrarsız,
21,21,S3,İstikrarsız,
22,22,S2,Orta Başarılı,
23,23,S4,Terke Meyilli,3.0
24,24,S4,Terke Meyilli,6.0
25,25,S3,İstikrarsız,
26,26,S1,Başarılı,
27,27,S2,Orta Başarılı,
28,28,S1,Başarılı,
29,29,S1,Başarılı,
30,30,S3,İstikrarsız,
31,31,S3,İstikrarsız,
32,32,S4,Terke Meyilli,4.0
33,33,S2,Orta Başarılı,
34,34,S2,Orta Başarılı,13.0
35,35,S2,Orta Başarılı,
36,36,S1,Başarılı,
37,37,S1,Başarılı,
38,38,S2,Orta Başarılı,
39,39,S1,Başarılı,
40,40,S3,İstikrarsız,10.0
41,41,S2,Orta Başarılı,
42,42,S3,İstikrarsız,
43,43,S3,İstikrarsız,13.0
44,44,S2,Orta Başarılı,
45,45,S3,İstikrarsız,11.0
46,46,S3,İstikrarsız,
47,47,S2,Orta Başarılı,
48,48,S2,Orta Başarılı,
49,49,S3,İstikrarsız,
50,50,S1,Başarılı,
51,51,S1,Başarılı,
52,52,S1,Başarılı,
53,53,S3,İstikrarsız,9.0
54,54,S3,İstikrarsız,
55,55,S3,İstikrarsız,10.0
56,56,S3,İstikrarsız,
57,57,S2,Orta Başarılı,
58,58,S2,Orta Başarılı,12.0
59,59,S1,Başarılı,
60,60,S1,Başarılı,
61,61,S3,İstikrarsız,
62,62,S2,Orta Başarılı,
63,63,S2,Orta Başarılı,
64,64,S3,İstikrarsız,
65,65,S3,İstikrarsız,
66,66,S2,Orta Başarılı,
67,67,S2,Orta Başarılı,
68,68,S2,Orta Başarılı,
69,69,S1,Başarılı,
70,70,S2,Orta Başarılı,
71,71,S1,Başarılı,
72,72,S2,Orta Başarılı,
73,73,S4,Terke Meyilli,6.0
74,74,S1,Başarılı,
75,75,S1,Başarılı,
76,76,S2,Orta Başarılı,
77,77,S2,Orta Başarılı,
78,78,S3,İstikrarsız,
79,79,S2,Orta Başarılı,
80,80,S3,İstikrarsız,13.0
81,81,S3,İstikrarsız,
82,82,S2,Orta Başarılı,
83,83,S3,İstikrarsız,10.0
84,84,S1,Başarılı,
85,85,S1,Başarılı,
86,86,S1,Başarılı,
87,87,S3,İstikrarsız,
88,88,S2,Orta Başarılı,
89,89,S1,Başarılı,
90,90,S2,Orta Başarılı,
91,91,S1,Başarılı,
92,92,S3,İstikrarsız,
93,93,S2,Orta Başarılı,
94,94,S2,Orta Başarılı,
95,95,S2,Orta Başarılı,13.0
96,96,S3,İstikrarsız,9.0
97,97,S2,Orta Başarılı,
98,98,S1,Başarılı,
99,99,S1,Başarılı,
100,100,S4,Terke Meyilli,7.0
101,101,S4,Terke Meyilli,8.0
102,102,S3,İstikrarsız,
103,103,S2,Orta Başarılı,
104,104,S4,Terke Meyilli,
105,105,S3,İstikrarsız,
106,106,S3,İstikrarsız,
107,107,S2,Orta Başarılı,
108,108,S2,Orta Başarılı,
109,109,S1,Başarılı,
110,110,S4,Terke Meyilli,3.0
111,111,S2,Orta Başarılı,
112,112,S1,Başarılı,
113,113,S2,Orta Başarılı,14.0
114,114,S2,Orta Başarılı,
115,115,S1,Başarılı,
116,116,S4,Terke Meyilli,10.0
117,117,S3,İstikrarsız,
118,118,S3,İstikrarsız,8.0
119,119,S2,Orta Başarılı,
120,120,S3,İstikrarsız,
121,121,S2,Orta Başarılı,
122,122,S3,İstikrarsız,
123,123,S1,Başarılı,
124,124,S2,Orta Başarılı,
125,125,S1,Başarılı,
126,126,S2,Orta Başarılı,
127,127,S2,Orta Başarılı,
128,128,S1,Başarılı,
129,129,S1,Başarılı,
130,130,S2,Orta Başarılı,
131,131,S1,Başarılı,
132,132,S4,Terke Meyilli,9.0
133,133,S2,Orta Başarılı,
134,134,S2,Orta Başarılı,
135,135,S2,Orta Başarılı,13.0
136,136,S1,Başarılı,
137,137,S4,Terke Meyilli,
138,138,S2,Orta Başarılı,
139,139,S3,İstikrarsız,13.0
140,140,S1,Başarılı,
141,141,S2,Orta Başarılı,
142,142,S2,Orta Başarılı,
143,143,S4,Terke Meyilli,3.0
144,144,S2,Orta Başarılı,
145,145,S2,Orta Başarılı,
146,146,S2,Orta Başarılı,
147,147,S2,Orta Başarılı,
148,148,S2,Orta Başarılı,
149,149,S2,Orta Başarılı,
150,150,S1,Başarılı,
151,151,S3,İstikrarsız,11.0
152,152,S4,Terke Meyilli,3.0
153,153,S1,Başarılı,
154,154,S2,Orta Başarılı,
155,155,S1,Başarılı,
156,156,S3,İstikrarsız,
157,157,S2,Orta Başarılı,
158,158,S3,İstikrarsız,
159,159,S3,İstikrarsız,
160,160,S3,İstikrarsız,
161,161,S1,Başarılı,
162,162,S4,Terke Meyilli,
163,163,S1,Başarılı,
164,164,S1,Başarılı,
165,165,S2,Orta Başarılı,
166,166,S2,Orta Başarılı,
167,167,S3,İstikrarsız,
168,168,S3,İstikrarsız,
169,169,S2,Orta Başarılı,
170,170,S4,Terke Meyilli,
171,171,S2,Orta Başarılı,
172,172,S2,Orta Başarılı,
173,173,S2,Orta Başarılı,
174,174,S4,Terke Meyilli,
175,175,S1,Başarılı,
176,176,S1,Başarılı,
177,177,S2,Orta Başarılı,
178,178,S4,Terke Meyilli,5.0
179,179,S4,Terke Meyilli,8.0
180,180,S3,İstikrarsız,
181,181,S4,Terke Meyilli,
182,182,S4,Terke Meyilli,7.0
183,183,S2,Orta Başarılı,
184,184,S2,Orta Başarılı,
185,185,S3,İstikrarsız,
186,186,S3,İstikrarsız,12.0
187,187,S2,Orta Başarılı,
188,188,S1,Başarılı,
189,189,S3,İstikrarsız,13.0
190,190,S2,Orta Başarılı,
191,191,S4,Terke Meyilli,
192,192,S1,Başarılı,
193,193,S1,Başarılı,
194,194,S3,İstikrarsız,9.0
195,195,S1,Başarılı,
196,196,S1,Başarılı,
197,197,S2,Orta Başarılı,
198,198,S4,Terke Meyilli,9.0
199,199,S1,Başarılı,
200,200,S2,Orta Başarılı,
201,201,S3,İstikrarsız,
202,202,S4,Terke Meyilli,5.0
203,203,S2,Orta Başarılı,
204,204,S1,Başarılı,
205,205,S1,Başarılı,
206,206,S1,Başarılı,
207,207,S1,Başarılı,
208,208,S3,İstikrarsız,12.0
209,209,S1,Başarılı,
210,210,S2,Orta Başarılı,
211,211,S3,İstikrarsız,
212,212,S2,Orta Başarılı,
213,213,S1,Başarılı,
214,214,S3,İstikrarsız,9.0
215,215,S3,İstikrarsız,
216,216,S3,İstikrarsız,
217,217,S1,Başarılı,
218,218,S1,Başarılı,
219,219,S4,Terke Meyilli,
220,220,S2,Orta Başarılı,
221,221,S2,Orta Başarılı,
222,222,S2,Orta Başarılı,
223,223,S3,İstikrarsız,8.0
224,224,S4,Terke Meyilli,9.0
225,225,S2,Orta Başarılı,
226,226,S4,Terke Meyilli,
227,227,S1,Başarılı,
228,228,S2,Orta Başarılı,
229,229,S3,İstikrarsız,
230,230,S1,Başarılı,
231,231,S1,Başarılı,
232,232,S2,Orta Başarılı,
233,233,S4,Terke Meyilli,5.0
234,234,S2,Orta Başarılı,
235,235,S4,Terke Meyilli,7.0
236,236,S3,İstikrarsız,
237,237,S2,Orta Başarılı,
238,238,S3,İstikrarsız,
239,239,S1,Başarılı,
240,240,S1,Başarılı,
241,241,S3,İstikrarsız,9.0
242,242,S3,İstikrarsız,
243,243,S1,Başarılı,
244,244,S2,Orta Başarılı,
245,245,S3,İstikrarsız,
246,246,S4,Terke Meyilli,10.0
247,247,S3,İstikrarsız,
248,248,S2,Orta Başarılı,
249,249,S2,Orta Başarılı,
250,250,S2,Orta Başarılı,
251,251,S3,İstikrarsız,
252,252,S4,Terke Meyilli,5.0
253,253,S2,Orta Başarılı,
254,254,S1,Başarılı,
255,255,S1,Başarılı,
256,256,S3,İstikrarsız,
257,257,S3,İstikrarsız,13.0
258,258,S1,Başarılı,
259,259,S1,Başarılı,
260,260,S2,Orta Başarılı,
261,261,S1,Başarılı,
262,262,S3,İstikrarsız,
263,263,S2,Orta Başarılı,
264,264,S1,Başarılı,
265,265,S4,Terke Meyilli,5.0
266,266,S1,Başarılı,
267,267,S2,Orta Başarılı,
268,268,S1,Başarılı,
269,269,S1,Başarılı,
270,270,S1,Başarılı,
271,271,S1,Başarılı,
272,272,S1,Başarılı,
273,273,S1,Başarılı,
274,274,S2,Orta Başarılı,
275,275,S3,İstikrarsız,9.0
276,276,S2,Orta Başarılı,
277,277,S2,Orta Başarılı,
278,278,S2,Orta Başarılı,
279,279,S4,Terke Meyilli,7.0
280,280,S4,Terke Meyilli,3.0
281,281,S1,Başarılı,
282,282,S1,Başarılı,
283,283,S1,Başarılı,
284,284,S1,Başarılı,
285,285,S2,Orta Başarılı,
286,286,S2,Orta Başarılı,
287,287,S1,Başarılı,
288,288,S2,Orta Başarılı,
289,289,S2,Orta Başarılı,
290,290,S1,Başarılı,
291,291,S3,İstikrarsız,
292,292,S1,Başarılı,
293,293,S4,Terke Meyilli,
294,294,S1,Başarılı,
295,295,S3,İstikrarsız,12.0
296,296,S4,Terke Meyilli,5.0
297,297,S4,Terke Meyilli,6.0
298,298,S3,İstikrarsız,9.0
299,299,S3,İstikrarsız,
300,300,S3,İstikrarsız,11.0
301,301,S3,İstikrarsız,9.0
302,302,S1,Başarılı,
303,303,S2,Orta Başarılı,
304,304,S2,Orta Başarılı,
305,305,S4,Terke Meyilli,4.0
306,306,S2,Orta Başarılı,
307,307,S2,Orta Başarılı,
308,308,S3,İstikrarsız,
309,309,S2,Orta Başarılı,
310,310,S1,Başarılı,
311,311,S2,Orta Başarılı,
312,312,S2,Orta Başarılı,
313,313,S1,Başarılı,
314,314,S2,Orta Başarılı,
315,315,S2,Orta Başarılı,
316,316,S2,Orta Başarılı,
317,317,S2,Orta Başarılı,
318,318,S3,İstikrarsız,
319,319,S2,Orta Başarılı,
320,320,S4,Terke Meyilli,5.0
321,321,S4,Terke Meyilli,6.0
322,322,S2,Orta Başarılı,
323,323,S2,Orta Başarılı,
324,324,S2,Orta Başarılı,
325,325,S3,İstikrarsız,
326,326,S3,İstikrarsız,
327,327,S3,İstikrarsız,
328,328,S2,Orta Başarılı,
329,329,S3,İstikrarsız,
330,330,S2,Orta Başarılı,
331,331,S3,İstikrarsız,
332,332,S1,Başarılı,
333,333,S3,İstikrarsız,10.0
334,334,S4,Terke Meyilli,8.0
335,335,S1,Başarılı,
336,336,S3,İstikrarsız,
337,337,S1,Başarılı,
338,338,S3,İstikrarsız,
339,339,S1,Başarılı,
340,340,S4,Terke Meyilli,4.0
341,341,S1,Başarılı,
342,342,S4,Terke Meyilli,10.0
343,343,S3,İstikrarsız,
344,344,S2,Orta Başarılı,
345,345,S3,İstikrarsız,9.0
346,346,S3,İstikrarsız,
347,347,S4,Terke Meyilli,
348,348,S2,Orta Başarılı,
349,349,S2,Orta Başarılı,
350,350,S1,Başarılı,
351,351,S3,İstikrarsız,
352,352,S1,Başarılı,
353,353,S2,Orta Başarılı,
354,354,S2,Orta Başarılı,
355,355,S2,Orta Başarılı,
356,356,S2,Orta Başarılı,
357,357,S3,İstikrarsız,7.0
358,358,S3,İstikrarsız,12.0
359,359,S2,Orta Başarılı,14.0
360,360,S2,Orta Başarılı,
361,361,S4,Terke Meyilli,
362,362,S1,Başarılı,
363,363,S1,Başarılı,
364,364,S1,Başarılı,
365,365,S3,İstikrarsız,
366,366,S2,Orta Başarılı,
367,367,S3,İstikrarsız,
368,368,S3,İstikrarsız,
369,369,S2,Orta Başarılı,
370,370,S4,Terke Meyilli,8.0
371,371,S3,İstikrarsız,
372,372,S2,Orta Başarılı,
373,373,S2,Orta Başarılı,
374,374,S2,Orta Başarılı,
375,375,S1,Başarılı,
376,376,S1,Başarılı,
377,377,S4,Terke Meyilli,3.0
378,378,S2,Orta Başarılı,
379,379,S2,Orta Başarılı,
380,380,S3,İstikrarsız,8.0
381,381,S2,Orta Başarılı,
382,382,S4,Terke Meyilli,7.0
383,383,S3,İstikrarsız,13.0
384,384,S2,Orta Başarılı,
385,385,S2,Orta Başarılı,
386,386,S4,Terke Meyilli,5.0
387,387,S3,İstikrarsız,
388,388,S4,Terke Meyilli,5.0
389,389,S1,Başarılı,
390,390,S4,Terke Meyilli,4.0
391,391,S3,İstikrarsız,
392,392,S1,Başarılı,
393,393,S2,Orta Başarılı,
394,394,S3,İstikrarsız,
395,395,S1,Başarılı,
396,396,S2,Orta Başarılı,
397,397,S3,İstikrarsız,11.0
398,398,S2,Orta Başarılı,
399,399,S2,Orta Başarılı,
400,400,S2,Orta Başarılı,
401,401,S2,Orta Başarılı,
402,402,S4,Terke Meyilli,8.0
403,403,S3,İstikrarsız,7.0
404,404,S1,Başarılı,
405,405,S4,Terke Meyilli,7.0
406,406,S4,Terke Meyilli,8.0
407,407,S2,Orta Başarılı,
408,408,S3,İstikrarsız,13.0
409,409,S1,Başarılı,
410,410,S4,Terke Meyilli,
411,411,S3,İstikrarsız,13.0
412,412,S3,İstikrarsız,13.0
413,413,S1,Başarılı,
414,414,S4,Terke Meyilli,
415,415,S1,Başarılı,
416,416,S1,Başarılı,
417,417,S1,Başarılı,
418,418,S3,İstikrarsız,7.0
419,419,S1,Başarılı,
420,420,S4,Terke Meyilli,9.0
421,421,S3,İstikrarsız,
422,422,S1,Başarılı,
423,423,S1,Başarılı,
424,424,S1,Başarılı,
425,425,S3,İstikrarsız,
426,426,S3,İstikrarsız,
427,427,S1,Başarılı,
428,428,S3,İstikrarsız,
429,429,S1,Başarılı,
430,430,S3,İstikrarsız,9.0
431,431,S4,Terke Meyilli,
432,432,S3,İstikrarsız,9.0
433,433,S3,İstikrarsız,
434,434,S3,İstikrarsız,
435,435,S1,Başarılı,
436,436,S1,Başarılı,
437,437,S1,Başarılı,
438,438,S2,Orta Başarılı,
439,439,S3,İstikrarsız,10.0
440,440,S3,İstikrarsız,
441,441,S4,Terke Meyilli,5.0
442,442,S1,Başarılı,
443,443,S3,İstikrarsız,
444,444,S1,Başarılı,
445,445,S2,Orta Başarılı,
446,446,S3,İstikrarsız,
447,447,S4,Terke Meyilli,7.0
448,448,S3,İstikrarsız,
449,449,S1,Başarılı,
450,450,S3,İstikrarsız,12.0
451,451,S1,Başarılı,
452,452,S4,Terke Meyilli,9.0
453,453,S3,İstikrarsız,10.0
454,454,S1,Başarılı,
455,455,S1,Başarılı,
456,456,S1,Başarılı,
457,457,S4,Terke Meyilli,
458,458,S2,Orta Başarılı,
459,459,S3,İstikrarsız,11.0
460,460,S3,İstikrarsız,7.0
461,461,S2,Orta Başarılı,
462,462,S1,Başarılı,
463,463,S4,Terke Meyilli,
464,464,S2,Orta Başarılı,12.0
465,465,S2,Orta Başarılı,
466,466,S3,İstikrarsız,12.0
467,467,S3,İstikrarsız,
468,468,S4,Terke Meyilli,7.0
469,469,S1,Başarılı,
470,470,S2,Orta Başarılı,12.0
471,471,S2,Orta Başarılı,
472,472,S2,Orta Başarılı,
473,473,S1,Başarılı,
474,474,S1,Başarılı,
475,475,S2,Orta Başarılı,
476,476,S2,Orta Başarılı,
477,477,S2,Orta Başarılı,
478,478,S3,İstikrarsız,
479,479,S3,İstikrarsız,
480,480,S2,Orta Başarılı,
481,481,S2,Orta Başarılı,
482,482,S1,Başarılı,
483,483,S2,Orta Başarılı,
484,484,S2,Orta Başarılı,
485,485,S1,Başarılı,
486,486,S2,Orta Başarılı,
487,487,S2,Orta Başarılı,
488,488,S1,Başarılı,
489,489,S2,Orta Başarılı,
490,490,S2,Orta Başarılı,
491,491,S3,İstikrarsız,
492,492,S3,İstikrarsız,
493,493,S3,İstikrarsız,
494,494,S2,Orta Başarılı,
495,495,S3,İstikrarsız,
496,496,S2,Orta Başarılı,
497,497,S2,Orta Başarılı,
498,498,S3,İstikrarsız,
499,499,S2,Orta Başarılı,
500,500,S2,Orta Başarılı,
501,501,S3,İstikrarsız,11.0
502,502,S4,Terke Meyilli,9.0
503,503,S4,Terke Meyilli,9.0
504,504,S2,Orta Başarılı,
505,505,S2,Orta Başarılı,
506,506,S3,İstikrarsız,7.0
507,507,S2,Orta Başarılı,
508,508,S3,İstikrarsız,
509,509,S2,Orta Başarılı,
510,510,S1,Başarılı,
511,511,S1,Başarılı,
512,512,S3,İstikrarsız,
513,513,S1,Başarılı,
514,514,S2,Orta Başarılı,
515,515,S2,Orta Başarılı,
516,516,S1,Başarılı,
517,517,S2,Orta Başarılı,
518,518,S3,İstikrarsız,
519,519,S1,Başarılı,
520,520,S3,İstikrarsız,
521,521,S4,Terke Meyilli,8.0
522,522,S2,Orta Başarılı,
523,523,S1,Başarılı,
524,524,S3,İstikrarsız,
525,525,S1,Başarılı,
526,526,S2,Orta Başarılı,
527,527,S4,Terke Meyilli,3.0
528,528,S4,Terke Meyilli,4.0
529,529,S3,İstikrarsız,
530,530,S2,Orta Başarılı,
531,531,S3,İstikrarsız,10.0
532,532,S3,İstikrarsız,
533,533,S2,Orta Başarılı,
534,534,S3,İstikrarsız,
535,535,S1,Başarılı,
536,536,S1,Başarılı,
537,537,S2,Orta Başarılı,
538,538,S1,Başarılı,
539,539,S1,Başarılı,
540,540,S3,İstikrarsız,
541,541,S4,Terke Meyilli,
542,542,S2,Orta Başarılı,
543,543,S3,İstikrarsız,
544,544,S4,Terke Meyilli,6.0
545,545,S1,Başarılı,
546,546,S2,Orta Başarılı,
547,547,S2,Orta Başarılı,
548,548,S1,Başarılı,
549,549,S3,İstikrarsız,
550,550,S2,Orta Başarılı,
551,551,S2,Orta Başarılı,
552,552,S1,Başarılı,
553,553,S1,Başarılı,
554,554,S4,Terke Meyilli,6.0
555,555,S1,Başarılı,
556,556,S1,Başarılı,
557,557,S2,Orta Başarılı,
558,558,S2,Orta Başarılı,
559,559,S2,Orta Başarılı,
560,560,S2,Orta Başarılı,
561,561,S1,Başarılı,
562,562,S1,Başarılı,
563,563,S3,İstikrarsız,
564,564,S3,İstikrarsız,
565,565,S3,İstikrarsız,
566,566,S3,İstikrarsız,
567,567,S3,İstikrarsız,
568,568,S1,Başarılı,
569,569,S2,Orta Başarılı,
570,570,S2,Orta Başarılı,
571,571,S2,Orta Başarılı,
572,572,S3,İstikrarsız,11.0
573,573,S2,Orta Başarılı,
574,574,S3,İstikrarsız,
575,575,S4,Terke Meyilli,
576,576,S2,Orta Başarılı,
577,577,S4,Terke Meyilli,10.0
578,578,S2,Orta Başarılı,
579,579,S4,Terke Meyilli,
580,580,S2,Orta Başarılı,
581,581,S2,Orta Başarılı,
582,582,S2,Orta Başarılı,
583,583,S1,Başarılı,
584,584,S2,Orta Başarılı,
585,585,S4,Terke Meyilli,3.0
586,586,S3,İstikrarsız,
587,587,S1,Başarılı,
588,588,S2,Orta Başarılı,
589,589,S1,Başarılı,
590,590,S1,Başarılı,
591,591,S4,Terke Meyilli,10.0
592,592,S2,Orta Başarılı,
593,593,S2,Orta Başarılı,
594,594,S2,Orta Başarılı,
595,595,S1,Başarılı,
596,596,S2,Orta Başarılı,
597,597,S3,İstikrarsız,
598,598,S3,İstikrarsız,
599,599,S4,Terke Meyilli,10.0
600,600,S3,İstikrarsız,
601,601,S2,Orta Başarılı,
602,602,S3,İstikrarsız,
603,603,S4,Terke Meyilli,9.0
604,604,S3,İstikrarsız,
605,605,S4,Terke Meyilli,
606,606,S3,İstikrarsız,
607,607,S4,Terke Meyilli,3.0
608,608,S1,Başarılı,
609,609,S3,İstikrarsız,
610,610,S2,Orta Başarılı,
611,611,S2,Orta Başarılı,
612,612,S3,İstikrarsız,11.0
613,613,S4,Terke Meyilli,
614,614,S4,Terke Meyilli,4.0
615,615,S2,Orta Başarılı,
616,616,S3,İstikrarsız,
617,617,S3,İstikrarsız,9.0
618,618,S2,Orta Başarılı,
619,619,S1,Başarılı,
620,620,S1,Başarılı,
621,621,S3,İstikrarsız,
622,622,S2,Orta Başarılı,
623,623,S4,Terke Meyilli,
624,624,S2,Orta Başarılı,
625,625,S4,Terke Meyilli,
626,626,S2,Orta Başarılı,
627,627,S3,İstikrarsız,
628,628,S1,Başarılı,
629,629,S2,Orta Başarılı,
630,630,S3,İstikrarsız,
631,631,S4,Terke Meyilli,4.0
632,632,S3,İstikrarsız,
633,633,S1,Başarılı,
634,634,S2,Orta Başarılı,12.0
635,635,S1,Başarılı,
636,636,S1,Başarılı,
637,637,S3,İstikrarsız,
638,638,S3,İstikrarsız,
639,639,S3,İstikrarsız,
640,640,S4,Terke Meyilli,10.0
641,641,S3,İstikrarsız,
642,642,S3,İstikrarsız,
643,643,S1,Başarılı,
644,644,S1,Başarılı,
645,645,S3,İstikrarsız,
646,646,S4,Terke Meyilli,9.0
647,647,S1,Başarılı,
648,648,S2,Orta Başarılı,
649,649,S3,İstikrarsız,
650,650,S1,Başarılı,
651,651,S2,Orta Başarılı,
652,652,S4,Terke Meyilli,4.0
653,653,S3,İstikrarsız,
654,654,S1,Başarılı,
655,655,S4,Terke Meyilli,7.0
656,656,S2,Orta Başarılı,
657,657,S4,Terke Meyilli,7.0
658,658,S2,Orta Başarılı,
659,659,S2,Orta Başarılı,
660,660,S2,Orta Başarılı,
661,661,S2,Orta Başarılı,12.0
662,662,S4,Terke Meyilli,5.0
663,663,S1,Başarılı,
664,664,S1,Başarılı,
665,665,S2,Orta Başarılı,14.0
666,666,S3,İstikrarsız,
667,667,S3,İstikrarsız,
668,668,S4,Terke Meyilli,7.0
669,669,S2,Orta Başarılı,
670,670,S2,Orta Başarılı,
671,671,S1,Başarılı,
672,672,S2,Orta Başarılı,14.0
673,673,S4,Terke Meyilli,3.0
674,674,S3,İstikrarsız,
675,675,S2,Orta Başarılı,13.0
676,676,S2,Orta Başarılı,
677,677,S4,Terke Meyilli,
678,678,S2,Orta Başarılı,
679,679,S1,Başarılı,
680,680,S2,Orta Başarılı,
681,681,S1,Başarılı,
682,682,S1,Başarılı,
683,683,S1,Başarılı,
684,684,S2,Orta Başarılı,
685,685,S3,İstikrarsız,
686,686,S2,Orta Başarılı,
687,687,S2,Orta Başarılı,
688,688,S4,Terke Meyilli,7.0
689,689,S3,İstikrarsız,
690,690,S2,Orta Başarılı,
691,691,S2,Orta Başarılı,
692,692,S4,Terke Meyilli,7.0
693,693,S1,Başarılı,
694,694,S2,Orta Başarılı,
695,695,S4,Terke Meyilli,6.0
696,696,S2,Orta Başarılı,
697,697,S3,İstikrarsız,
698,698,S2,Orta Başarılı,
699,699,S3,İstikrarsız,
700,700,S2,Orta Başarılı,
701,701,S1,Başarılı,
702,702,S2,Orta Başarılı,
703,703,S1,Başarılı,
704,704,S4,Terke Meyilli,8.0
705,705,S2,Orta Başarılı,
706,706,S2,Orta Başarılı,
707,707,S3,İstikrarsız,
708,708,S3,İstikrarsız,
709,709,S2,Orta Başarılı,
710,710,S2,Orta Başarılı,
711,711,S4,Terke Meyilli,10.0
712,712,S3,İstikrarsız,
713,713,S3,İstikrarsız,7.0
714,714,S4,Terke Meyilli,4.0
715,715,S3,İstikrarsız,12.0
716,716,S1,Başarılı,
717,717,S2,Orta Başarılı,
718,718,S1,Başarılı,
719,719,S3,İstikrarsız,
720,720,S4,Terke Meyilli,
721,721,S2,Orta Başarılı,
722,722,S2,Orta Başarılı,
723,723,S1,Başarılı,
724,724,S4,Terke Meyilli,8.0
725,725,S1,Başarılı,
726,726,S1,Başarılı,
727,727,S1,Başarılı,
728,728,S1,Başarılı,
729,729,S2,Orta Başarılı,
730,730,S2,Orta Başarılı,
731,731,S2,Orta Başarılı,
732,732,S1,Başarılı,
733,733,S1,Başarılı,
734,734,S2,Orta Başarılı,
735,735,S1,Başarılı,
736,736,S3,İstikrarsız,
737,737,S1,Başarılı,
738,738,S2,Orta Başarılı,
739,739,S2,Orta Başarılı,
740,740,S2,Orta Başarılı,
741,741,S1,Başarılı,
742,742,S1,Başarılı,
743,743,S4,Terke Meyilli,
744,744,S1,Başarılı,
745,745,S2,Orta Başarılı,
746,746,S2,Orta Başarılı,
747,747,S2,Orta Başarılı,
748,748,S2,Orta Başarılı,
749,749,S3,İstikrarsız,11.0
750,750,S3,İstikrarsız,8.0
751,751,S2,Orta Başarılı,
752,752,S2,Orta Başarılı,
753,753,S1,Başarılı,
754,754,S2,Orta Başarılı,
755,755,S3,İstikrarsız,
756,756,S1,Başarılı,
757,757,S2,Orta Başarılı,
758,758,S4,Terke Meyilli,7.0
759,759,S1,Başarılı,
760,760,S2,Orta Başarılı,
761,761,S3,İstikrarsız,8.0
762,762,S1,Başarılı,
763,763,S1,Başarılı,
764,764,S1,Başarılı,
765,765,S4,Terke Meyilli,
766,766,S1,Başarılı,
767,767,S1,Başarılı,
768,768,S1,Başarılı,
769,769,S1,Başarılı,
770,770,S3,İstikrarsız,
771,771,S1,Başarılı,
772,772,S2,Orta Başarılı,
773,773,S2,Orta Başarılı,
774,774,S3,İstikrarsız,12.0
775,775,S1,Başarılı,
776,776,S4,Terke Meyilli,
777,777,S3,İstikrarsız,
778,778,S1,Başarılı,
779,779,S3,İstikrarsız,
780,780,S4,Terke Meyilli,
781,781,S2,Orta Başarılı,
782,782,S4,Terke Meyilli,10.0
783,783,S2,Orta Başarılı,
784,784,S3,İstikrarsız,
785,785,S4,Terke Meyilli,10.0
786,786,S2,Orta Başarılı,
787,787,S3,İstikrarsız,
788,788,S2,Orta Başarılı,
789,789,S3,İstikrarsız,13.0
790,790,S3,İstikrarsız,
791,791,S1,Başarılı,
792,792,S2,Orta Başarılı,
793,793,S2,Orta Başarılı,
794,794,S1,Başarılı,
795,795,S1,Başarılı,
796,796,S2,Orta Başarılı,
797,797,S1,Başarılı,
798,798,S1,Başarılı,
799,799,S3,İstikrarsız,
800,800,S3,İstikrarsız,
801,801,S3,İstikrarsız,
802,802,S2,Orta Başarılı,
803,803,S4,Terke Meyilli,6.0
804,804,S2,Orta Başarılı,
805,805,S1,Başarılı,
806,806,S1,Başarılı,
807,807,S3,İstikrarsız,
808,808,S1,Başarılı,
809,809,S2,Orta Başarılı,
810,810,S4,Terke Meyilli,6.0
811,811,S1,Başarılı,
812,812,S1,Başarılı,
813,813,S4,Terke Meyilli,4.0
814,814,S2,Orta Başarılı,
815,815,S1,Başarılı,
816,816,S4,Terke Meyilli,
817,817,S4,Terke Meyilli,
818,818,S2,Orta Başarılı,
819,819,S3,İstikrarsız,
820,820,S2,Orta Başarılı,
821,821,S1,Başarılı,
822,822,S2,Orta Başarılı,
823,823,S2,Orta Başarılı,
824,824,S3,İstikrarsız,10.0
825,825,S3,İstikrarsız,
826,826,S1,Başarılı,
827,827,S2,Orta Başarılı,
828,828,S1,Başarılı,
829,829,S4,Terke Meyilli,4.0
830,830,S2,Orta Başarılı,
831,831,S3,İstikrarsız,
832,832,S2,Orta Başarılı,
833,833,S2,Orta Başarılı,
834,834,S3,İstikrarsız,
835,835,S3,İstikrarsız,
836,836,S2,Orta Başarılı,
837,837,S3,İstikrarsız,
838,838,S4,Terke Meyilli,5.0
839,839,S2,Orta Başarılı,
840,840,S2,Orta Başarılı,
841,841,S1,Başarılı,
842,842,S3,İstikrarsız,
843,843,S2,Orta Başarılı,
844,844,S2,Orta Başarılı,
845,845,S1,Başarılı,
846,846,S4,Terke Meyilli,
847,847,S2,Orta Başarılı,
848,848,S3,İstikrarsız,
849,849,S1,Başarılı,
850,850,S4,Terke Meyilli,
851,851,S1,Başarılı,
852,852,S1,Başarılı,
853,853,S4,Terke Meyilli,5.0
854,854,S4,Terke Meyilli,4.0
855,855,S1,Başarılı,
856,856,S2,Orta Başarılı,
857,857,S3,İstikrarsız,9.0
858,858,S4,Terke Meyilli,4.0
859,859,S2,Orta Başarılı,
860,860,S2,Orta Başarılı,
861,861,S3,İstikrarsız,
862,862,S3,İstikrarsız,
863,863,S3,İstikrarsız,9.0
864,864,S2,Orta Başarılı,
865,865,S1,Başarılı,
866,866,S4,Terke Meyilli,
867,867,S4,Terke Meyilli,7.0
868,868,S3,İstikrarsız,
869,869,S1,Başarılı,
870,870,S1,Başarılı,
871,871,S3,İstikrarsız,8.0
872,872,S1,Başarılı,
873,873,S4,Terke Meyilli,
874,874,S2,Orta Başarılı,
875,875,S3,İstikrarsız,
876,876,S4,Terke Meyilli,
877,877,S2,Orta Başarılı,14.0
878,878,S2,Orta Başarılı,
879,879,S3,İstikrarsız,
880,880,S2,Orta Başarılı,
881,881,S2,Orta Başarılı,
882,882,S3,İstikrarsız,
883,883,S4,Terke Meyilli,3.0
884,884,S2,Orta Başarılı,
885,885,S1,Başarılı,
886,886,S2,Orta Başarılı,
887,887,S2,Orta Başarılı,
888,888,S1,Başarılı,
889,889,S1,Başarılı,
890,890,S3,İstikrarsız,
891,891,S2,Orta Başarılı,
892,892,S4,Terke Meyilli,
893,893,S1,Başarılı,
894,894,S1,Başarılı,
895,895,S3,İstikrarsız,
896,896,S4,Terke Meyilli,
897,897,S2,Orta Başarılı,
898,898,S1,Başarılı,
899,899,S1,Başarılı,
900,900,S2,Orta Başarılı,
901,901,S2,Orta Başarılı,
902,902,S2,Orta Başarılı,13.0
903,903,S1,Başarılı,
904,904,S2,Orta Başarılı,
905,905,S4,Terke Meyilli,
906,906,S3,İstikrarsız,
907,907,S2,Orta Başarılı,
908,908,S1,Başarılı,
909,909,S2,Orta Başarılı,
910,910,S2,Orta Başarılı,
911,911,S3,İstikrarsız,
912,912,S4,Terke Meyilli,7.0
913,913,S4,Terke Meyilli,8.0
914,914,S4,Terke Meyilli,9.0
915,915,S4,Terke Meyilli,10.0
916,916,S4,Terke Meyilli,3.0
917,917,S1,Başarılı,
918,918,S1,Başarılı,
919,919,S2,Orta Başarılı,
920,920,S2,Orta Başarılı,
921,921,S1,Başarılı,
922,922,S3,İstikrarsız,
923,923,S3,İstikrarsız,
924,924,S2,Orta Başarılı,
925,925,S1,Başarılı,
926,926,S2,Orta Başarılı,
927,927,S1,Başarılı,
928,928,S4,Terke Meyilli,
929,929,S2,Orta Başarılı,
930,930,S3,İstikrarsız,7.0
931,931,S2,Orta Başarılı,
932,932,S2,Orta Başarılı,
933,933,S2,Orta Başarılı,
934,934,S3,İstikrarsız,
935,935,S3,İstikrarsız,10.0
936,936,S1,Başarılı,
937,937,S4,Terke Meyilli,4.0
938,938,S1,Başarılı,
939,939,S4,Terke Meyilli,3.0
940,940,S1,Başarılı,
941,941,S2,Orta Başarılı,
942,942,S3,İstikrarsız,11.0
943,943,S1,Başarılı,
944,944,S2,Orta Başarılı,
945,945,S2,Orta Başarılı,
946,946,S1,Başarılı,
947,947,S3,İstikrarsız,
948,948,S4,Terke Meyilli,
949,949,S4,Terke Meyilli,7.0
950,950,S2,Orta Başarılı,
951,951,S2,Orta Başarılı,
952,952,S1,Başarılı,
953,953,S1,Başarılı,
954,954,S1,Başarılı,
955,955,S4,Terke Meyilli,
956,956,S4,Terke Meyilli,
957,957,S3,İstikrarsız,
958,958,S2,Orta Başarılı,
959,959,S2,Orta Başarılı,
960,960,S2,Orta Başarılı,
961,961,S2,Orta Başarılı,
962,962,S2,Orta Başarılı,
963,963,S1,Başarılı,
964,964,S1,Başarılı,
965,965,S4,Terke Meyilli,9.0
966,966,S2,Orta Başarılı,
967,967,S4,Terke Meyilli,7.0
968,968,S1,Başarılı,
969,969,S2,Orta Başarılı,
970,970,S1,Başarılı,
971,971,S2,Orta Başarılı,
972,972,S1,Başarılı,
973,973,S1,Başarılı,
974,974,S4,Terke Meyilli,
975,975,S2,Orta Başarılı,
976,976,S3,İstikrarsız,7.0
977,977,S2,Orta Başarılı,12.0
978,978,S2,Orta Başarılı,
979,979,S2,Orta Başarılı,14.0
980,980,S1,Başarılı,
981,981,S4,Terke Meyilli,6.0
982,982,S3,İstikrarsız,10.0
983,983,S3,İstikrarsız,
984,984,S2,Orta Başarılı,
985,985,S1,Başarılı,
986,986,S4,Terke Meyilli,
987,987,S2,Orta Başarılı,
988,988,S1,Başarılı,
989,989,S2,Orta Başarılı,
990,990,S3,İstikrarsız,13.0
991,991,S3,İstikrarsız,
992,992,S3,İstikrarsız,
993,993,S3,İstikrarsız,
994,994,S1,Başarılı,
995,995,S4,Terke Meyilli,10.0
996,996,S2,Orta Başarılı,
997,997,S3,İstikrarsız,
998,998,S1,Başarılı,
999,999,S4,Terke Meyilli,9.0
1000,1000,S2,Orta Başarılı,
1001,1001,S1,Başarılı,
1002,1002,S2,Orta Başarılı,
1003,1003,S1,Başarılı,
1004,1004,S1,Başarılı,
1005,1005,S3,İstikrarsız,
1006,1006,S2,Orta Başarılı,
1007,1007,S4,Terke Meyilli,6.0
1008,1008,S2,Orta Başarılı,
1009,1009,S3,İstikrarsız,
1010,1010,S2,Orta Başarılı,12.0
1011,1011,S3,İstikrarsız,
1012,1012,S2,Orta Başarılı,
1013,1013,S2,Orta Başarılı,
1014,1014,S4,Terke Meyilli,9.0
1015,1015,S2,Orta Başarılı,
1016,1016,S1,Başarılı,
1017,1017,S3,İstikrarsız,11.0
1018,1018,S3,İstikrarsız,
1019,1019,S1,Başarılı,
1020,1020,S2,Orta Başarılı,
1021,1021,S4,Terke Meyilli,3.0
1022,1022,S3,İstikrarsız,
1023,1023,S4,Terke Meyilli,
1024,1024,S2,Orta Başarılı,
1025,1025,S3,İstikrarsız,
1026,1026,S2,Orta Başarılı,
1027,1027,S4,Terke Meyilli,10.0
1028,1028,S2,Orta Başarılı,
1029,1029,S3,İstikrarsız,
1030,1030,S2,Orta Başarılı,
1031,1031,S2,Orta Başarılı,
1032,1032,S3,İstikrarsız,
1033,1033,S2,Orta Başarılı,
1034,1034,S4,Terke Meyilli,6.0
1035,1035,S2,Orta Başarılı,
1036,1036,S3,İstikrarsız,
1037,1037,S2,Orta Başarılı,
1038,1038,S2,Orta Başarılı,
1039,1039,S2,Orta Başarılı,14.0
1040,1040,S1,Başarılı,
1041,1041,S1,Başarılı,
1042,1042,S3,İstikrarsız,
1043,1043,S3,İstikrarsız,11.0
1044,1044,S3,İstikrarsız,13.0
1045,1045,S1,Başarılı,
1046,1046,S2,Orta Başarılı,
1047,1047,S1,Başarılı,
1048,1048,S3,İstikrarsız,7.0
1049,1049,S4,Terke Meyilli,5.0
1050,1050,S1,Başarılı,
1051,1051,S3,İstikrarsız,10.0
1052,1052,S1,Başarılı,
1053,1053,S2,Orta Başarılı,
1054,1054,S1,Başarılı,
1055,1055,S2,Orta Başarılı,
1056,1056,S3,İstikrarsız,
1057,1057,S4,Terke Meyilli,6.0
1058,1058,S1,Başarılı,
1059,1059,S2,Orta Başarılı,
1060,1060,S3,İstikrarsız,10.0
1061,1061,S4,Terke Meyilli,
1062,1062,S3,İstikrarsız,11.0
1063,1063,S2,Orta Başarılı,
1064,1064,S3,İstikrarsız,
1065,1065,S2,Orta Başarılı,
1066,1066,S4,Terke Meyilli,4.0
1067,1067,S2,Orta Başarılı,
1068,1068,S3,İstikrarsız,9.0
1069,1069,S1,Başarılı,
1070,1070,S2,Orta Başarılı,
1071,1071,S4,Terke Meyilli,10.0
1072,1072,S3,İstikrarsız,
1073,1073,S2,Orta Başarılı,
1074,1074,S4,Terke Meyilli,
1075,1075,S4,Terke Meyilli,6.0
1076,1076,S2,Orta Başarılı,
1077,1077,S2,Orta Başarılı,
1078,1078,S2,Orta Başarılı,
1079,1079,S3,İstikrarsız,13.0
1080,1080,S2,Orta Başarılı,
1081,1081,S1,Başarılı,
1082,1082,S4,Terke Meyilli,7.0
1083,1083,S4,Terke Meyilli,8.0
1084,1084,S3,İstikrarsız,
1085,1085,S4,Terke Meyilli,3.0
1086,1086,S3,İstikrarsız,10.0
1087,1087,S3,İstikrarsız,8.0
1088,1088,S3,İstikrarsız,12.0
1089,1089,S2,Orta Başarılı,
1090,1090,S2,Orta Başarılı,
1091,1091,S1,Başarılı,
1092,1092,S3,İstikrarsız,13.0
1093,1093,S2,Orta Başarılı,
1094,1094,S2,Orta Başarılı,
1095,1095,S2,Orta Başarılı,
1096,1096,S2,Orta Başarılı,
1097,1097,S1,Başarılı,
1098,1098,S3,İstikrarsız,
1099,1099,S4,Terke Meyilli,4.0
1100,1100,S1,Başarılı,
1101,1101,S1,Başarılı,
1102,1102,S2,Orta Başarılı,
1103,1103,S3,İstikrarsız,
1104,1104,S3,İstikrarsız,13.0
1105,1105,S1,Başarılı,
1106,1106,S3,İstikrarsız,
1107,1107,S1,Başarılı,
1108,1108,S2,Orta Başarılı,
1109,1109,S4,Terke Meyilli,7.0
1110,1110,S1,Başarılı,
1111,1111,S1,Başarılı,
1112,1112,S2,Orta Başarılı,
1113,1113,S3,İstikrarsız,13.0
1114,1114,S4,Terke Meyilli,4.0
1115,1115,S4,Terke Meyilli,
1116,1116,S1,Başarılı,
1117,1117,S1,Başarılı,
1118,1118,S3,İstikrarsız,7.0
1119,1119,S2,Orta Başarılı,
1120,1120,S4,Terke Meyilli,9.0
1121,1121,S3,İstikrarsız,
1122,1122,S1,Başarılı,
1123,1123,S3,İstikrarsız,
1124,1124,S1,Başarılı,
1125,1125,S2,Orta Başarılı,
1126,1126,S2,Orta Başarılı,
1127,1127,S2,Orta Başarılı,
1128,1128,S3,İstikrarsız,7.0
1129,1129,S3,İstikrarsız,12.0
1130,1130,S4,Terke Meyilli,
1131,1131,S4,Terke Meyilli,4.0
1132,1132,S2,Orta Başarılı,
1133,1133,S1,Başarılı,
1134,1134,S3,İstikrarsız,9.0
1135,1135,S4,Terke Meyilli,8.0
1136,1136,S2,Orta Başarılı,
1137,1137,S2,Orta Başarılı,
1138,1138,S2,Orta Başarılı,
1139,1139,S1,Başarılı,
1140,1140,S3,İstikrarsız,
1141,1141,S2,Orta Başarılı,
1142,1142,S3,İstikrarsız,
1143,1143,S3,İstikrarsız,
1144,1144,S3,İstikrarsız,13.0
1145,1145,S2,Orta Başarılı,
1146,1146,S2,Orta Başarılı,
1147,1147,S3,İstikrarsız,
1148,1148,S3,İstikrarsız,
1149,1149,S2,Orta Başarılı,
1150,1150,S4,Terke Meyilli,
1151,1151,S1,Başarılı,
1152,1152,S4,Terke Meyilli,6.0
1153,1153,S1,Başarılı,
1154,1154,S1,Başarılı,
1155,1155,S2,Orta Başarılı,
1156,1156,S1,Başarılı,
1157,1157,S1,Başarılı,
1158,1158,S1,Başarılı,
1159,1159,S2,Orta Başarılı,
1160,1160,S3,İstikrarsız,
1161,1161,S1,Başarılı,
1162,1162,S3,İstikrarsız,
1163,1163,S3,İstikrarsız,
1164,1164,S1,Başarılı,
1165,1165,S1,Başarılı,
1166,1166,S4,Terke Meyilli,9.0
1167,1167,S3,İstikrarsız,12.0
1168,1168,S2,Orta Başarılı,
1169,1169,S3,İstikrarsız,11.0
1170,1170,S1,Başarılı,
1171,1171,S2,Orta Başarılı,
1172,1172,S3,İstikrarsız,
1173,1173,S2,Orta Başarılı,
1174,1174,S3,İstikrarsız,
1175,1175,S2,Orta Başarılı,
1176,1176,S3,İstikrarsız,
1177,1177,S2,Orta Başarılı,
1178,1178,S2,Orta Başarılı,
1179,1179,S1,Başarılı,
1180,1180,S1,Başarılı,
1181,1181,S3,İstikrarsız,
1182,1182,S1,Başarılı,
1183,1183,S1,Başarılı,
1184,1184,S1,Başarılı,
1185,1185,S1,Başarılı,
1186,1186,S3,İstikrarsız,
1187,1187,S2,Orta Başarılı,
1188,1188,S4,Terke Meyilli,9.0
1189,1189,S1,Başarılı,
1190,1190,S3,İstikrarsız,13.0
1191,1191,S2,Orta Başarılı,
1192,1192,S2,Orta Başarılı,
1193,1193,S4,Terke Meyilli,5.0
1194,1194,S4,Terke Meyilli,8.0
1195,1195,S4,Terke Meyilli,
1196,1196,S1,Başarılı,
1197,1197,S1,Başarılı,
1198,1198,S3,İstikrarsız,
1199,1199,S2,Orta Başarılı,
1200,1200,S3,İstikrarsız,12.0
1201,1201,S2,Orta Başarılı,
1202,1202,S2,Orta Başarılı,
1203,1203,S3,İstikrarsız,
1204,1204,S3,İstikrarsız,
1205,1205,S1,Başarılı,
1206,1206,S1,Başarılı,
1207,1207,S3,İstikrarsız,12.0
1208,1208,S2,Orta Başarılı,
1209,1209,S2,Orta Başarılı,
1210,1210,S2,Orta Başarılı,
1211,1211,S3,İstikrarsız,
1212,1212,S3,İstikrarsız,9.0
1213,1213,S2,Orta Başarılı,
1214,1214,S2,Orta Başarılı,
1215,1215,S2,Orta Başarılı,
1216,1216,S2,Orta Başarılı,
1217,1217,S2,Orta Başarılı,
1218,1218,S2,Orta Başarılı,
1219,1219,S3,İstikrarsız,
1220,1220,S1,Başarılı,
1221,1221,S1,Başarılı,
1222,1222,S1,Başarılı,
1223,1223,S4,Terke Meyilli,6.0
1224,1224,S3,İstikrarsız,
1225,1225,S1,Başarılı,
1226,1226,S4,Terke Meyilli,
1227,1227,S2,Orta Başarılı,
1228,1228,S2,Orta Başarılı,
1229,1229,S4,Terke Meyilli,4.0
1230,1230,S1,Başarılı,
1231,1231,S1,Başarılı,
1232,1232,S2,Orta Başarılı,
1233,1233,S1,Başarılı,
1234,1234,S3,İstikrarsız,
1235,1235,S1,Başarılı,
1236,1236,S1,Başarılı,
1237,1237,S1,Başarılı,
1238,1238,S2,Orta Başarılı,14.0
1239,1239,S1,Başarılı,
1240,1240,S1,Başarılı,
1241,1241,S4,Terke Meyilli,7.0
1242,1242,S2,Orta Başarılı,
1243,1243,S2,Orta Başarılı,
1244,1244,S1,Başarılı,
1245,1245,S2,Orta Başarılı,
1246,1246,S2,Orta Başarılı,
1247,1247,S3,İstikrarsız,
1248,1248,S1,Başarılı,
1249,1249,S4,Terke Meyilli,
1250,1250,S4,Terke Meyilli,8.0
1251,1251,S1,Başarılı,
1252,1252,S1,Başarılı,
1253,1253,S1,Başarılı,
1254,1254,S3,İstikrarsız,
1255,1255,S1,Başarılı,
1256,1256,S4,Terke Meyilli,
1257,1257,S3,İstikrarsız,8.0
1258,1258,S3,İstikrarsız,13.0
1259,1259,S2,Orta Başarılı,
1260,1260,S4,Terke Meyilli,
1261,1261,S1,Başarılı,
1262,1262,S2,Orta Başarılı,
1263,1263,S2,Orta Başarılı,
1264,1264,S4,Terke Meyilli,4.0
1265,1265,S2,Orta Başarılı,
1266,1266,S3,İstikrarsız,8.0
1267,1267,S1,Başarılı,
1268,1268,S4,Terke Meyilli,9.0
1269,1269,S2,Orta Başarılı,
1270,1270,S2,Orta Başarılı,
1271,1271,S4,Terke Meyilli,6.0
1272,1272,S2,Orta Başarılı,
1273,1273,S2,Orta Başarılı,
1274,1274,S2,Orta Başarılı,
1275,1275,S1,Başarılı,
1276,1276,S2,Orta Başarılı,
1277,1277,S1,Başarılı,
1278,1278,S1,Başarılı,
1279,1279,S4,Terke Meyilli,5.0
1280,1280,S2,Orta Başarılı,
1281,1281,S2,Orta Başarılı,
1282,1282,S2,Orta Başarılı,
1283,1283,S2,Orta Başarılı,
1284,1284,S3,İstikrarsız,
1285,1285,S4,Terke Meyilli,3.0
1286,1286,S4,Terke Meyilli,3.0
1287,1287,S2,Orta Başarılı,
1288,1288,S2,Orta Başarılı,
1289,1289,S2,Orta Başarılı,
1290,1290,S2,Orta Başarılı,
1291,1291,S2,Orta Başarılı,
1292,1292,S3,İstikrarsız,
1293,1293,S2,Orta Başarılı,
1294,1294,S2,Orta Başarılı,
1295,1295,S2,Orta Başarılı,
1296,1296,S2,Orta Başarılı,
1297,1297,S1,Başarılı,
1298,1298,S1,Başarılı,
1299,1299,S3,İstikrarsız,
1300,1300,S2,Orta Başarılı,
1301,1301,S1,Başarılı,
1302,1302,S2,Orta Başarılı,
1303,1303,S3,İstikrarsız,
1304,1304,S2,Orta Başarılı,
1305,1305,S3,İstikrarsız,
1306,1306,S4,Terke Meyilli,7.0
1307,1307,S2,Orta Başarılı,
1308,1308,S3,İstikrarsız,
1309,1309,S1,Başarılı,
1310,1310,S4,Terke Meyilli,4.0
1311,1311,S2,Orta Başarılı,
1312,1312,S4,Terke Meyilli,4.0
1313,1313,S2,Orta Başarılı,
1314,1314,S1,Başarılı,
1315,1315,S1,Başarılı,
1316,1316,S3,İstikrarsız,
1317,1317,S2,Orta Başarılı,
1318,1318,S1,Başarılı,
1319,1319,S3,İstikrarsız,
1320,1320,S4,Terke Meyilli,8.0
1321,1321,S2,Orta Başarılı,
1322,1322,S2,Orta Başarılı,
1323,1323,S1,Başarılı,
1324,1324,S3,İstikrarsız,
1325,1325,S2,Orta Başarılı,
1326,1326,S4,Terke Meyilli,
1327,1327,S2,Orta Başarılı,
1328,1328,S2,Orta Başarılı,
1329,1329,S2,Orta Başarılı,
1330,1330,S1,Başarılı,
1331,1331,S3,İstikrarsız,11.0
1332,1332,S2,Orta Başarılı,
1333,1333,S2,Orta Başarılı,
1334,1334,S4,Terke Meyilli,8.0
1335,1335,S4,Terke Meyilli,4.0
1336,1336,S4,Terke Meyilli,9.0
1337,1337,S1,Başarılı,
1338,1338,S2,Orta Başarılı,
1339,1339,S4,Terke Meyilli,6.0
1340,1340,S2,Orta Başarılı,
1341,1341,S1,Başarılı,
1342,1342,S3,İstikrarsız,11.0
1343,1343,S2,Orta Başarılı,
1344,1344,S2,Orta Başarılı,
1345,1345,S4,Terke Meyilli,
1346,1346,S3,İstikrarsız,11.0
1347,1347,S2,Orta Başarılı,12.0
1348,1348,S2,Orta Başarılı,
1349,1349,S2,Orta Başarılı,
1350,1350,S1,Başarılı,
1351,1351,S3,İstikrarsız,12.0
1352,1352,S3,İstikrarsız,
1353,1353,S2,Orta Başarılı,
1354,1354,S2,Orta Başarılı,
1355,1355,S4,Terke Meyilli,6.0
1356,1356,S1,Başarılı,
1357,1357,S2,Orta Başarılı,
1358,1358,S2,Orta Başarılı,
1359,1359,S3,İstikrarsız,
1360,1360,S1,Başarılı,
1361,1361,S3,İstikrarsız,
1362,1362,S2,Orta Başarılı,
1363,1363,S3,İstikrarsız,
1364,1364,S1,Başarılı,
1365,1365,S2,Orta Başarılı,
1366,1366,S2,Orta Başarılı,14.0
1367,1367,S1,Başarılı,
1368,1368,S1,Başarılı,
1369,1369,S1,Başarılı,
1370,1370,S2,Orta Başarılı,
1371,1371,S1,Başarılı,
1372,1372,S4,Terke Meyilli,9.0
1373,1373,S2,Orta Başarılı,
1374,1374,S3,İstikrarsız,
1375,1375,S4,Terke Meyilli,3.0
1376,1376,S1,Başarılı,
1377,1377,S3,İstikrarsız,12.0
1378,1378,S4,Terke Meyilli,10.0
1379,1379,S3,İstikrarsız,
1380,1380,S2,Orta Başarılı,
1381,1381,S2,Orta Başarılı,
1382,1382,S1,Başarılı,
1383,1383,S2,Orta Başarılı,
1384,1384,S4,Terke Meyilli,3.0
1385,1385,S4,Terke Meyilli,8.0
1386,1386,S1,Başarılı,
1387,1387,S3,İstikrarsız,10.0
1388,1388,S2,Orta Başarılı,
1389,1389,S4,Terke Meyilli,
1390,1390,S1,Başarılı,
1391,1391,S4,Terke Meyilli,3.0
1392,1392,S3,İstikrarsız,
1393,1393,S1,Başarılı,
1394,1394,S1,Başarılı,
1395,1395,S3,İstikrarsız,
1396,1396,S1,Başarılı,
1397,1397,S2,Orta Başarılı,
1398,1398,S4,Terke Meyilli,4.0
1399,1399,S2,Orta Başarılı,
1400,1400,S2,Orta Başarılı,14.0
1401,1401,S2,Orta Başarılı,
1402,1402,S1,Başarılı,
1403,1403,S4,Terke Meyilli,
1404,1404,S2,Orta Başarılı,
1405,1405,S1,Başarılı,
1406,1406,S2,Orta Başarılı,
1407,1407,S4,Terke Meyilli,3.0
1408,1408,S1,Başarılı,
1409,1409,S4,Terke Meyilli,3.0
1410,1410,S3,İstikrarsız,
1411,1411,S3,İstikrarsız,
1412,1412,S4,Terke Meyilli,7.0
1413,1413,S3,İstikrarsız,9.0
1414,1414,S4,Terke Meyilli,4.0
1415,1415,S1,Başarılı,
1416,1416,S3,İstikrarsız,
1417,1417,S2,Orta Başarılı,
1418,1418,S2,Orta Başarılı,
1419,1419,S4,Terke Meyilli,7.0
1420,1420,S4,Terke Meyilli,7.0
1421,1421,S3,İstikrarsız,
1422,1422,S2,Orta Başarılı,
1423,1423,S2,Orta Başarılı,
1424,1424,S2,Orta Başarılı,
1425,1425,S2,Orta Başarılı,
1426,1426,S2,Orta Başarılı,
1427,1427,S1,Başarılı,
1428,1428,S1,Başarılı,
1429,1429,S3,İstikrarsız,
1430,1430,S2,Orta Başarılı,12.0
1431,1431,S4,Terke Meyilli,4.0
1432,1432,S3,İstikrarsız,7.0
1433,1433,S1,Başarılı,
1434,1434,S1,Başarılı,
1435,1435,S1,Başarılı,
1436,1436,S4,Terke Meyilli,4.0
1437,1437,S1,Başarılı,
1438,1438,S2,Orta Başarılı,
1439,1439,S4,Terke Meyilli,8.0
1440,1440,S4,Terke Meyilli,9.0
1441,1441,S1,Başarılı,
1442,1442,S1,Başarılı,
1443,1443,S1,Başarılı,
1444,1444,S1,Başarılı,
1445,1445,S1,Başarılı,
1446,1446,S2,Orta Başarılı,
1447,1447,S4,Terke Meyilli,8.0
1448,1448,S2,Orta Başarılı,
1449,1449,S3,İstikrarsız,
1450,1450,S1,Başarılı,
1451,1451,S3,İstikrarsız,10.0
1452,1452,S3,İstikrarsız,
1453,1453,S4,Terke Meyilli,9.0
1454,1454,S4,Terke Meyilli,9.0
1455,1455,S2,Orta Başarılı,
1456,1456,S1,Başarılı,
1457,1457,S1,Başarılı,
1458,1458,S2,Orta Başarılı,
1459,1459,S4,Terke Meyilli,9.0
1460,1460,S2,Orta Başarılı,
1461,1461,S3,İstikrarsız,
1462,1462,S2,Orta Başarılı,
1463,1463,S1,Başarılı,
1464,1464,S2,Orta Başarılı,
1465,1465,S3,İstikrarsız,10.0
1466,1466,S3,İstikrarsız,8.0
1467,1467,S2,Orta Başarılı,
1468,1468,S1,Başarılı,
1469,1469,S3,İstikrarsız,8.0
1470,1470,S1,Başarılı,
1471,1471,S4,Terke Meyilli,5.0
1472,1472,S1,Başarılı,
1473,1473,S1,Başarılı,
1474,1474,S2,Orta Başarılı,
1475,1475,S2,Orta Başarılı,
1476,1476,S2,Orta Başarılı,
1477,1477,S2,Orta Başarılı,
1478,1478,S4,Terke Meyilli,10.0
1479,1479,S2,Orta Başarılı,
1480,1480,S2,Orta Başarılı,
1481,1481,S2,Orta Başarılı,
1482,1482,S1,Başarılı,
1483,1483,S2,Orta Başarılı,
1484,1484,S1,Başarılı,
1485,1485,S3,İstikrarsız,
1486,1486,S1,Başarılı,
1487,1487,S4,Terke Meyilli,7.0
1488,1488,S2,Orta Başarılı,
1489,1489,S4,Terke Meyilli,8.0
1490,1490,S2,Orta Başarılı,
1491,1491,S1,Başarılı,
1492,1492,S3,İstikrarsız,7.0
1493,1493,S3,İstikrarsız,
1494,1494,S3,İstikrarsız,
1495,1495,S2,Orta Başarılı,12.0
1496,1496,S3,İstikrarsız,
1497,1497,S4,Terke Meyilli,3.0
1498,1498,S3,İstikrarsız,
1499,1499,S2,Orta Başarılı,
1500,1500,S3,İstikrarsız,10.0
1501,1501,S3,İstikrarsız,
1502,1502,S4,Terke Meyilli,
1503,1503,S2,Orta Başarılı,
1504,1504,S2,Orta Başarılı,
1505,1505,S3,İstikrarsız,
1506,1506,S2,Orta Başarılı,
1507,1507,S3,İstikrarsız,
1508,1508,S2,Orta Başarılı,
1509,1509,S1,Başarılı,
1510,1510,S3,İstikrarsız,
1511,1511,S1,Başarılı,
1512,1512,S1,Başarılı,
1513,1513,S3,İstikrarsız,
1514,1514,S3,İstikrarsız,
1515,1515,S4,Terke Meyilli,4.0
1516,1516,S2,Orta Başarılı,
1517,1517,S1,Başarılı,
1518,1518,S4,Terke Meyilli,6.0
1519,1519,S1,Başarılı,
1520,1520,S1,Başarılı,
1521,1521,S2,Orta Başarılı,
1522,1522,S2,Orta Başarılı,
1523,1523,S4,Terke Meyilli,3.0
1524,1524,S3,İstikrarsız,
1525,1525,S3,İstikrarsız,
1526,1526,S1,Başarılı,
1527,1527,S2,Orta Başarılı,
1528,1528,S2,Orta Başarılı,
1529,1529,S1,Başarılı,
1530,1530,S2,Orta Başarılı,
1531,1531,S2,Orta Başarılı,
1532,1532,S1,Başarılı,
1533,1533,S2,Orta Başarılı,
1534,1534,S3,İstikrarsız,
1535,1535,S1,Başarılı,
1536,1536,S2,Orta Başarılı,
1537,1537,S3,İstikrarsız,
1538,1538,S3,İstikrarsız,
1539,1539,S3,İstikrarsız,
1540,1540,S2,Orta Başarılı,
1541,1541,S3,İstikrarsız,
1542,1542,S1,Başarılı,
1543,1543,S2,Orta Başarılı,12.0
1544,1544,S1,Başarılı,
1545,1545,S2,Orta Başarılı,
1546,1546,S2,Orta Başarılı,
1547,1547,S1,Başarılı,
1548,1548,S3,İstikrarsız,
1549,1549,S2,Orta Başarılı,
1550,1550,S2,Orta Başarılı,14.0
1551,1551,S1,Başarılı,
1552,1552,S2,Orta Başarılı,
1553,1553,S2,Orta Başarılı,13.0
1554,1554,S2,Orta Başarılı,
1555,1555,S1,Başarılı,
1556,1556,S3,İstikrarsız,
1557,1557,S4,Terke Meyilli,
1558,1558,S2,Orta Başarılı,
1559,1559,S3,İstikrarsız,
1560,1560,S4,Terke Meyilli,7.0
1561,1561,S4,Terke Meyilli,4.0
1562,1562,S3,İstikrarsız,12.0
1563,1563,S4,Terke Meyilli,9.0
1564,1564,S4,Terke Meyilli,5.0
1565,1565,S3,İstikrarsız,
1566,1566,S2,Orta Başarılı,
1567,1567,S1,Başarılı,
1568,1568,S1,Başarılı,
1569,1569,S2,Orta Başarılı,
1570,1570,S2,Orta Başarılı,
1571,1571,S2,Orta Başarılı,
1572,1572,S2,Orta Başarılı,
1573,1573,S2,Orta Başarılı,
1574,1574,S3,İstikrarsız,
1575,1575,S1,Başarılı,
1576,1576,S1,Başarılı,
1577,1577,S3,İstikrarsız,7.0
1578,1578,S3,İstikrarsız,13.0
1579,1579,S4,Terke Meyilli,3.0
1580,1580,S4,Terke Meyilli,4.0
1581,1581,S4,Terke Meyilli,5.0
1582,1582,S2,Orta Başarılı,
1583,1583,S2,Orta Başarılı,
1584,1584,S2,Orta Başarılı,
1585,1585,S3,İstikrarsız,
1586,1586,S4,Terke Meyilli,
1587,1587,S2,Orta Başarılı,
1588,1588,S2,Orta Başarılı,
1589,1589,S2,Orta Başarılı,
1590,1590,S1,Başarılı,
1591,1591,S1,Başarılı,
1592,1592,S1,Başarılı,
1593,1593,S4,Terke Meyilli,7.0
1594,1594,S2,Orta Başarılı,
1595,1595,S3,İstikrarsız,
1596,1596,S3,İstikrarsız,
1597,1597,S1,Başarılı,
1598,1598,S1,Başarılı,
1599,1599,S3,İstikrarsız,
1600,1600,S2,Orta Başarılı,13.0
1601,1601,S4,Terke Meyilli,3.0
1602,1602,S1,Başarılı,
1603,1603,S3,İstikrarsız,
1604,1604,S3,İstikrarsız,
1605,1605,S1,Başarılı,
1606,1606,S2,Orta Başarılı,
1607,1607,S4,Terke Meyilli,10.0
1608,1608,S2,Orta Başarılı,
1609,1609,S2,Orta Başarılı,
1610,1610,S2,Orta Başarılı,
1611,1611,S2,Orta Başarılı,
1612,1612,S3,İstikrarsız,
1613,1613,S3,İstikrarsız,
1614,1614,S2,Orta Başarılı,
1615,1615,S3,İstikrarsız,
1616,1616,S1,Başarılı,
1617,1617,S1,Başarılı,
1618,1618,S2,Orta Başarılı,
1619,1619,S4,Terke Meyilli,6.0
1620,1620,S1,Başarılı,
1621,1621,S1,Başarılı,
1622,1622,S2,Orta Başarılı,
1623,1623,S3,İstikrarsız,
1624,1624,S1,Başarılı,
1625,1625,S2,Orta Başarılı,
1626,1626,S3,İstikrarsız,13.0
1627,1627,S2,Orta Başarılı,
1628,1628,S1,Başarılı,
1629,1629,S1,Başarılı,
1630,1630,S2,Orta Başarılı,
1631,1631,S2,Orta Başarılı,
1632,1632,S4,Terke Meyilli,9.0
1633,1633,S3,İstikrarsız,
1634,1634,S3,İstikrarsız,
1635,1635,S4,Terke Meyilli,
1636,1636,S2,Orta Başarılı,
1637,1637,S2,Orta Başarılı,
1638,1638,S4,Terke Meyilli,
1639,1639,S1,Başarılı,
1640,1640,S3,İstikrarsız,
1641,1641,S3,İstikrarsız,10.0
1642,1642,S1,Başarılı,
1643,1643,S2,Orta Başarılı,
1644,1644,S1,Başarılı,
1645,1645,S1,Başarılı,
1646,1646,S2,Orta Başarılı,
1647,1647,S2,Orta Başarılı,
1648,1648,S3,İstikrarsız,11.0
1649,1649,S4,Terke Meyilli,6.0
1650,1650,S3,İstikrarsız,
1651,1651,S2,Orta Başarılı,14.0
1652,1652,S2,Orta Başarılı,
1653,1653,S2,Orta Başarılı,
1654,1654,S1,Başarılı,
1655,1655,S4,Terke Meyilli,8.0
1656,1656,S2,Orta Başarılı,
1657,1657,S1,Başarılı,
1658,1658,S3,İstikrarsız,
1659,1659,S2,Orta Başarılı,
1660,1660,S1,Başarılı,
1661,1661,S1,Başarılı,
1662,1662,S3,İstikrarsız,
1663,1663,S3,İstikrarsız,
1664,1664,S1,Başarılı,
1665,1665,S4,Terke Meyilli,
1666,1666,S4,Terke Meyilli,
1667,1667,S3,İstikrarsız,
1668,1668,S1,Başarılı,
1669,1669,S1,Başarılı,
1670,1670,S4,Terke Meyilli,3.0
1671,1671,S2,Orta Başarılı,
1672,1672,S3,İstikrarsız,
1673,1673,S3,İstikrarsız,12.0
1674,1674,S1,Başarılı,
1675,1675,S3,İstikrarsız,11.0
1676,1676,S4,Terke Meyilli,7.0
1677,1677,S3,İstikrarsız,7.0
1678,1678,S2,Orta Başarılı,
1679,1679,S4,Terke Meyilli,3.0
1680,1680,S2,Orta Başarılı,
1681,1681,S3,İstikrarsız,
1682,1682,S3,İstikrarsız,
1683,1683,S3,İstikrarsız,
1684,1684,S2,Orta Başarılı,
1685,1685,S1,Başarılı,
1686,1686,S1,Başarılı,
1687,1687,S2,Orta Başarılı,
1688,1688,S2,Orta Başarılı,
1689,1689,S2,Orta Başarılı,
1690,1690,S2,Orta Başarılı,
1691,1691,S3,İstikrarsız,
1692,1692,S4,Terke Meyilli,
1693,1693,S1,Başarılı,
1694,1694,S3,İstikrarsız,
1695,1695,S3,İstikrarsız,
1696,1696,S2,Orta Başarılı,
1697,1697,S1,Başarılı,
1698,1698,S3,İstikrarsız,
1699,1699,S4,Terke Meyilli,9.0
1700,1700,S3,İstikrarsız,8.0
1701,1701,S4,Terke Meyilli,7.0
1702,1702,S4,Terke Meyilli,6.0
1703,1703,S2,Orta Başarılı,
1704,1704,S3,İstikrarsız,7.0
1705,1705,S2,Orta Başarılı,
1706,1706,S4,Terke Meyilli,10.0
1707,1707,S1,Başarılı,
1708,1708,S2,Orta Başarılı,
1709,1709,S4,Terke Meyilli,5.0
1710,1710,S2,Orta Başarılı,
1711,1711,S3,İstikrarsız,
1712,1712,S2,Orta Başarılı,
1713,1713,S4,Terke Meyilli,
1714,1714,S4,Terke Meyilli,9.0
1715,1715,S2,Orta Başarılı,13.0
1716,1716,S3,İstikrarsız,8.0
1717,1717,S2,Orta Başarılı,
1718,1718,S3,İstikrarsız,
1719,1719,S3,İstikrarsız,
1720,1720,S3,İstikrarsız,13.0
1721,1721,S1,Başarılı,
1722,1722,S1,Başarılı,
1723,1723,S3,İstikrarsız,
1724,1724,S2,Orta Başarılı,
1725,1725,S2,Orta Başarılı,
1726,1726,S1,Başarılı,
1727,1727,S2,Orta Başarılı,13.0
1728,1728,S4,Terke Meyilli,
1729,1729,S1,Başarılı,
1730,1730,S2,Orta Başarılı,
1731,1731,S4,Terke Meyilli,5.0
1732,1732,S1,Başarılı,
1733,1733,S3,İstikrarsız,
1734,1734,S2,Orta Başarılı,
1735,1735,S4,Terke Meyilli,
1736,1736,S3,İstikrarsız,
1737,1737,S4,Terke Meyilli,9.0
1738,1738,S1,Başarılı,
1739,1739,S2,Orta Başarılı,
1740,1740,S3,İstikrarsız,
1741,1741,S1,Başarılı,
1742,1742,S1,Başarılı,
1743,1743,S1,Başarılı,
1744,1744,S4,Terke Meyilli,7.0
1745,1745,S3,İstikrarsız,
1746,1746,S3,İstikrarsız,
1747,1747,S3,İstikrarsız,
1748,1748,S2,Orta Başarılı,
1749,1749,S2,Orta Başarılı,
1750,1750,S2,Orta Başarılı,
1751,1751,S3,İstikrarsız,
1752,1752,S1,Başarılı,
1753,1753,S4,Terke Meyilli,7.0
1754,1754,S3,İstikrarsız,
1755,1755,S2,Orta Başarılı,
1756,1756,S2,Orta Başarılı,
1757,1757,S1,Başarılı,
1758,1758,S4,Terke Meyilli,8.0
1759,1759,S4,Terke Meyilli,5.0
1760,1760,S4,Terke Meyilli,7.0
1761,1761,S2,Orta Başarılı,
1762,1762,S1,Başarılı,
1763,1763,S1,Başarılı,
1764,1764,S1,Başarılı,
1765,1765,S1,Başarılı,
1766,1766,S1,Başarılı,
1767,1767,S4,Terke Meyilli,5.0
1768,1768,S1,Başarılı,
1769,1769,S1,Başarılı,
1770,1770,S3,İstikrarsız,
1771,1771,S2,Orta Başarılı,
1772,1772,S3,İstikrarsız,
1773,1773,S3,İstikrarsız,
1774,1774,S4,Terke Meyilli,
1775,1775,S3,İstikrarsız,
1776,1776,S2,Orta Başarılı,
1777,1777,S3,İstikrarsız,7.0
1778,1778,S2,Orta Başarılı,
1779,1779,S2,Orta Başarılı,
1780,1780,S2,Orta Başarılı,
1781,1781,S1,Başarılı,
1782,1782,S3,İstikrarsız,
1783,1783,S2,Orta Başarılı,
1784,1784,S1,Başarılı,
1785,1785,S1,Başarılı,
1786,1786,S3,İstikrarsız,
1787,1787,S2,Orta Başarılı,
1788,1788,S3,İstikrarsız,
1789,1789,S4,Terke Meyilli,
1790,1790,S1,Başarılı,
1791,1791,S3,İstikrarsız,
1792,1792,S2,Orta Başarılı,
1793,1793,S1,Başarılı,
1794,1794,S3,İstikrarsız,
1795,1795,S4,Terke Meyilli,
1796,1796,S2,Orta Başarılı,
1797,1797,S2,Orta Başarılı,
1798,1798,S2,Orta Başarılı,
1799,1799,S2,Orta Başarılı,
1800,1800,S3,İstikrarsız,
1801,1801,S3,İstikrarsız,
1802,1802,S3,İstikrarsız,11.0
1803,1803,S1,Başarılı,
1804,1804,S3,İstikrarsız,
1805,1805,S3,İstikrarsız,
1806,1806,S3,İstikrarsız,9.0
1807,1807,S1,Başarılı,
1808,1808,S2,Orta Başarılı,
1809,1809,S2,Orta Başarılı,
1810,1810,S1,Başarılı,
1811,1811,S1,Başarılı,
1812,1812,S2,Orta Başarılı,
1813,1813,S3,İstikrarsız,13.0
1814,1814,S1,Başarılı,
1815,1815,S3,İstikrarsız,
1816,1816,S2,Orta Başarılı,
1817,1817,S3,İstikrarsız,
1818,1818,S2,Orta Başarılı,
1819,1819,S2,Orta Başarılı,
1820,1820,S3,İstikrarsız,
1821,1821,S4,Terke Meyilli,3.0
1822,1822,S2,Orta Başarılı,
1823,1823,S2,Orta Başarılı,
1824,1824,S3,İstikrarsız,
1825,1825,S3,İstikrarsız,
1826,1826,S1,Başarılı,
1827,1827,S2,Orta Başarılı,
1828,1828,S2,Orta Başarılı,
1829,1829,S4,Terke Meyilli,6.0
1830,1830,S2,Orta Başarılı,
1831,1831,S2,Orta Başarılı,
1832,1832,S4,Terke Meyilli,
1833,1833,S2,Orta Başarılı,
1834,1834,S1,Başarılı,
1835,1835,S1,Başarılı,
1836,1836,S1,Başarılı,
1837,1837,S1,Başarılı,
1838,1838,S2,Orta Başarılı,
1839,1839,S3,İstikrarsız,
1840,1840,S3,İstikrarsız,
1841,1841,S1,Başarılı,
1842,1842,S2,Orta Başarılı,
1843,1843,S1,Başarılı,
1844,1844,S4,Terke Meyilli,
1845,1845,S1,Başarılı,
1846,1846,S3,İstikrarsız,
1847,1847,S2,Orta Başarılı,
1848,1848,S3,İstikrarsız,
1849,1849,S2,Orta Başarılı,
1850,1850,S3,İstikrarsız,
1851,1851,S1,Başarılı,
1852,1852,S4,Terke Meyilli,6.0
1853,1853,S2,Orta Başarılı,
1854,1854,S3,İstikrarsız,9.0
1855,1855,S3,İstikrarsız,
1856,1856,S4,Terke Meyilli,
1857,1857,S1,Başarılı,
1858,1858,S2,Orta Başarılı,
1859,1859,S2,Orta Başarılı,
1860,1860,S2,Orta Başarılı,
1861,1861,S2,Orta Başarılı,
1862,1862,S4,Terke Meyilli,10.0
1863,1863,S4,Terke Meyilli,10.0
1864,1864,S2,Orta Başarılı,
1865,1865,S3,İstikrarsız,
1866,1866,S4,Terke Meyilli,
1867,1867,S4,Terke Meyilli,6.0
1868,1868,S1,Başarılı,
1869,1869,S2,Orta Başarılı,
1870,1870,S3,İstikrarsız,7.0
1871,1871,S2,Orta Başarılı,
1872,1872,S2,Orta Başarılı,
1873,1873,S4,Terke Meyilli,
1874,1874,S4,Terke Meyilli,
1875,1875,S4,Terke Meyilli,
1876,1876,S3,İstikrarsız,
1877,1877,S2,Orta Başarılı,
1878,1878,S2,Orta Başarılı,
1879,1879,S2,Orta Başarılı,
1880,1880,S2,Orta Başarılı,
1881,1881,S2,Orta Başarılı,
1882,1882,S3,İstikrarsız,
1883,1883,S2,Orta Başarılı,
1884,1884,S3,İstikrarsız,12.0
1885,1885,S2,Orta Başarılı,
1886,1886,S2,Orta Başarılı,
1887,1887,S1,Başarılı,
1888,1888,S1,Başarılı,
1889,1889,S4,Terke Meyilli,
1890,1890,S2,Orta Başarılı,
1891,1891,S1,Başarılı,
1892,1892,S3,İstikrarsız,
1893,1893,S2,Orta Başarılı,
1894,1894,S1,Başarılı,
1895,1895,S2,Orta Başarılı,
1896,1896,S1,Başarılı,
1897,1897,S3,İstikrarsız,
1898,1898,S2,Orta Başarılı,
1899,1899,S1,Başarılı,
1900,1900,S1,Başarılı,
1901,1901,S2,Orta Başarılı,
1902,1902,S1,Başarılı,
1903,1903,S3,İstikrarsız,10.0
1904,1904,S1,Başarılı,
1905,1905,S3,İstikrarsız,8.0
1906,1906,S2,Orta Başarılı,
1907,1907,S2,Orta Başarılı,
1908,1908,S1,Başarılı,
1909,1909,S3,İstikrarsız,
1910,1910,S4,Terke Meyilli,7.0
1911,1911,S1,Başarılı,
1912,1912,S1,Başarılı,
1913,1913,S4,Terke Meyilli,
1914,1914,S2,Orta Başarılı,
1915,1915,S1,Başarılı,
1916,1916,S1,Başarılı,
1917,1917,S3,İstikrarsız,
1918,1918,S3,İstikrarsız,
1919,1919,S2,Orta Başarılı,
1920,1920,S4,Terke Meyilli,7.0
1921,1921,S2,Orta Başarılı,
1922,1922,S2,Orta Başarılı,
1923,1923,S2,Orta Başarılı,
1924,1924,S2,Orta Başarılı,
1925,1925,S1,Başarılı,
1926,1926,S1,Başarılı,
1927,1927,S2,Orta Başarılı,
1928,1928,S3,İstikrarsız,
1929,1929,S1,Başarılı,
1930,1930,S2,Orta Başarılı,
1931,1931,S3,İstikrarsız,
1932,1932,S3,İstikrarsız,
1933,1933,S3,İstikrarsız,
1934,1934,S3,İstikrarsız,8.0
1935,1935,S3,İstikrarsız,
1936,1936,S1,Başarılı,
1937,1937,S2,Orta Başarılı,
1938,1938,S3,İstikrarsız,
1939,1939,S1,Başarılı,
1940,1940,S1,Başarılı,
1941,1941,S1,Başarılı,
1942,1942,S2,Orta Başarılı,
1943,1943,S2,Orta Başarılı,
1944,1944,S1,Başarılı,
1945,1945,S3,İstikrarsız,
1946,1946,S4,Terke Meyilli,3.0
1947,1947,S1,Başarılı,
1948,1948,S4,Terke Meyilli,
1949,1949,S1,Başarılı,
1950,1950,S4,Terke Meyilli,8.0
1951,1951,S4,Terke Meyilli,5.0
1952,1952,S1,Başarılı,
1953,1953,S3,İstikrarsız,
1954,1954,S4,Terke Meyilli,6.0
1955,1955,S4,Terke Meyilli,
1956,1956,S4,Terke Meyilli,3.0
1957,1957,S2,Orta Başarılı,
1958,1958,S1,Başarılı,
1959,1959,S3,İstikrarsız,10.0
1960,1960,S3,İstikrarsız,13.0
1961,1961,S3,İstikrarsız,13.0
1962,1962,S2,Orta Başarılı,
1963,1963,S2,Orta Başarılı,
1964,1964,S1,Başarılı,
1965,1965,S3,İstikrarsız,9.0
1966,1966,S1,Başarılı,
1967,1967,S3,İstikrarsız,13.0
1968,1968,S3,İstikrarsız,
1969,1969,S2,Orta Başarılı,
1970,1970,S2,Orta Başarılı,
1971,1971,S2,Orta Başarılı,
1972,1972,S4,Terke Meyilli,
1973,1973,S3,İstikrarsız,
1974,1974,S2,Orta Başarılı,
1975,1975,S1,Başarılı,
1976,1976,S1,Başarılı,
1977,1977,S2,Orta Başarılı,
1978,1978,S4,Terke Meyilli,6.0
1979,1979,S3,İstikrarsız,13.0
1980,1980,S1,Başarılı,
1981,1981,S4,Terke Meyilli,6.0
1982,1982,S2,Orta Başarılı,
1983,1983,S4,Terke Meyilli,8.0
1984,1984,S1,Başarılı,
1985,1985,S3,İstikrarsız,
1986,1986,S4,Terke Meyilli,
1987,1987,S2,Orta Başarılı,
1988,1988,S3,İstikrarsız,
1989,1989,S4,Terke Meyilli,5.0
1990,1990,S1,Başarılı,
1991,1991,S1,Başarılı,
1992,1992,S3,İstikrarsız,13.0
1993,1993,S2,Orta Başarılı,
1994,1994,S1,Başarılı,
1995,1995,S2,Orta Başarılı,
1996,1996,S3,İstikrarsız,
1997,1997,S2,Orta Başarılı,
1998,1998,S2,Orta Başarılı,
1999,1999,S3,İstikrarsız,7.0
2000,2000,S2,Orta Başarılı,
